Fecha,Nombre,Dispositivo,Sensor,Valor,Unidad
02/07/2026 05:55,,heladera BM reactivos,ambiente ,26, °C
02/07/2026 05:46,,heladera BM muestras,ambiente,26, °C
02/07/2026 05:39,,heladera BM reactivos,ambiente ,26, °C
02/07/2026 05:31,,heladera BM muestras,ambiente,26, °C
02/07/2026 05:24,,heladera BM reactivos,ambiente ,26, °C
02/07/2026 05:16,,heladera BM muestras,ambiente,26, °C
02/07/2026 05:07,,heladera BM reactivos,ambiente ,26, °C
02/07/2026 05:00,,heladera BM muestras,ambiente,26, °C
02/07/2026 04:52,,heladera BM reactivos,ambiente ,26, °C
02/07/2026 04:45,,heladera BM muestras,ambiente,26, °C
02/07/2026 04:36,,heladera BM reactivos,ambiente ,26, °C
02/07/2026 04:30,,heladera BM muestras,ambiente,26, °C
02/07/2026 04:20,,heladera BM reactivos,ambiente ,26, °C
02/07/2026 04:14,,heladera BM muestras,ambiente,26, °C
02/07/2026 04:05,,heladera BM reactivos,ambiente ,26, °C
02/07/2026 03:59,,heladera BM muestras,ambiente,26, °C
02/07/2026 03:49,,heladera BM reactivos,ambiente ,26, °C
02/07/2026 03:44,,heladera BM muestras,ambiente,26, °C
02/07/2026 03:27,,heladera BM muestras,ambiente,26, °C
02/07/2026 03:21,,heladera BM reactivos,ambiente ,26, °C
02/07/2026 03:13,,heladera BM reactivos,heladera,10,min.
02/07/2026 03:13,,heladera BM reactivos,Freezer ,10,min.
02/07/2026 03:13,,heladera BM reactivos,ambiente ,10,min.
02/07/2026 03:11,,heladera BM muestras,ambiente,26, °C
01/07/2026 18:48,,heladera BM reactivos,Freezer ,-15, °C
01/07/2026 18:32,,heladera BM reactivos,Freezer ,-15, °C
03/07/2026 05:12,,heladera BM muestras,ambiente,26, °C
03/07/2026 05:08,,heladera BM reactivos,ambiente ,26, °C
03/07/2026 04:57,,heladera BM muestras,ambiente,26, °C
03/07/2026 04:53,,heladera BM reactivos,ambiente ,26, °C
03/07/2026 04:42,,heladera BM muestras,ambiente,26, °C
03/07/2026 04:37,,heladera BM reactivos,ambiente ,26, °C
03/07/2026 04:25,,heladera BM muestras,ambiente,26, °C
03/07/2026 04:21,,heladera BM reactivos,ambiente ,26, °C
03/07/2026 04:20,,Freezer EL-308,temp,10,min.
03/07/2026 04:11,,heladera BM muestras,ambiente,26, °C
03/07/2026 04:06,,heladera BM reactivos,ambiente ,26, °C
03/07/2026 03:55,,heladera BM muestras,ambiente,26, °C
03/07/2026 03:51,,heladera BM reactivos,ambiente ,26, °C
03/07/2026 03:40,,heladera BM muestras,ambiente,26, °C
03/07/2026 03:34,,heladera BM reactivos,ambiente ,26, °C
03/07/2026 03:25,,heladera BM muestras,ambiente,26, °C
03/07/2026 03:18,,heladera BM reactivos,ambiente ,26, °C
03/07/2026 03:11,,heladera BM muestras,ambiente,26, °C
03/07/2026 03:02,,heladera BM reactivos,ambiente ,26, °C
03/07/2026 02:55,,heladera BM muestras,ambiente,26, °C
03/07/2026 02:47,,heladera BM reactivos,ambiente ,26, °C
03/07/2026 02:39,,heladera BM muestras,ambiente,26, °C
03/07/2026 02:31,,heladera BM reactivos,ambiente ,26, °C
03/07/2026 02:24,,heladera BM muestras,ambiente,26, °C
03/07/2026 02:15,,heladera BM reactivos,ambiente ,26, °C
03/07/2026 02:10,,heladera BM muestras,ambiente,26, °C
03/07/2026 01:59,,heladera BM reactivos,ambiente ,26, °C
03/07/2026 01:54,,heladera BM muestras,ambiente,26, °C
03/07/2026 01:43,,heladera BM reactivos,ambiente ,26, °C
03/07/2026 01:38,,heladera BM muestras,ambiente,26, °C
03/07/2026 01:27,,heladera BM reactivos,ambiente ,26, °C
03/07/2026 01:23,,heladera BM muestras,ambiente,26, °C
03/07/2026 01:11,,heladera BM reactivos,ambiente ,26, °C
03/07/2026 01:07,,heladera BM muestras,ambiente,26, °C
03/07/2026 00:55,,heladera BM reactivos,ambiente ,26, °C
03/07/2026 00:53,,heladera BM muestras,ambiente,26, °C
03/07/2026 00:39,,heladera BM reactivos,ambiente ,26, °C
03/07/2026 00:38,,heladera BM muestras,ambiente,26, °C
03/07/2026 00:23,,heladera BM muestras,ambiente,26, °C
03/07/2026 00:23,,heladera BM reactivos,ambiente ,26, °C
03/07/2026 00:07,,heladera BM reactivos,ambiente ,26, °C
03/07/2026 00:06,,heladera BM muestras,ambiente,26, °C
02/07/2026 23:51,,heladera BM muestras,ambiente,26, °C
02/07/2026 23:51,,heladera BM reactivos,ambiente ,26, °C
02/07/2026 23:36,,heladera BM muestras,ambiente,26, °C
02/07/2026 23:34,,heladera BM reactivos,ambiente ,26, °C
02/07/2026 23:21,,heladera BM muestras,ambiente,26, °C
02/07/2026 23:19,,heladera BM reactivos,ambiente ,26, °C
02/07/2026 23:05,,heladera BM muestras,ambiente,26, °C
02/07/2026 23:02,,heladera BM reactivos,ambiente ,26, °C
02/07/2026 22:50,,heladera BM muestras,ambiente,26, °C
02/07/2026 22:46,,heladera BM reactivos,ambiente ,26, °C
02/07/2026 22:35,,heladera BM muestras,ambiente,26, °C
02/07/2026 22:30,,heladera BM reactivos,ambiente ,26, °C
02/07/2026 22:21,,heladera BM muestras,ambiente,26, °C
02/07/2026 22:14,,heladera BM reactivos,ambiente ,26, °C
02/07/2026 22:05,,heladera BM muestras,ambiente,26, °C
02/07/2026 21:59,,heladera BM reactivos,ambiente ,26, °C
02/07/2026 21:48,,heladera BM muestras,ambiente,26, °C
02/07/2026 21:43,,heladera BM reactivos,ambiente ,26, °C
02/07/2026 21:32,,heladera BM muestras,ambiente,26, °C
02/07/2026 21:27,,heladera BM reactivos,ambiente ,26, °C
02/07/2026 21:17,,heladera BM muestras,ambiente,26, °C
02/07/2026 21:12,,heladera BM reactivos,ambiente ,26, °C
02/07/2026 21:01,,heladera BM muestras,ambiente,26, °C
02/07/2026 20:55,,heladera BM reactivos,ambiente ,26, °C
02/07/2026 20:46,,heladera BM muestras,ambiente,26, °C
02/07/2026 20:39,,heladera BM reactivos,ambiente ,26, °C
02/07/2026 20:31,,heladera BM muestras,ambiente,26, °C
02/07/2026 20:23,,heladera BM reactivos,ambiente ,26, °C
02/07/2026 20:16,,heladera BM muestras,ambiente,26, °C
02/07/2026 20:09,,EL-371 Estufa,temp,10,min.
02/07/2026 20:07,,heladera BM reactivos,ambiente ,26, °C
02/07/2026 20:00,,heladera BM muestras,ambiente,26, °C
02/07/2026 19:51,,heladera BM reactivos,ambiente ,26, °C
02/07/2026 19:46,,heladera BM muestras,ambiente,26, °C
02/07/2026 19:35,,heladera BM reactivos,ambiente ,26, °C
02/07/2026 19:30,,heladera BM muestras,ambiente,26, °C
02/07/2026 19:19,,heladera BM reactivos,ambiente ,26, °C
02/07/2026 19:15,,heladera BM muestras,ambiente,26, °C
02/07/2026 18:48,,heladera BM muestras,ambiente,26, °C
04/07/2026 05:16,,heladera BM reactivos,ambiente ,26, °C
04/07/2026 05:10,,heladera BM muestras,ambiente,26, °C
04/07/2026 04:55,,heladera BM muestras,ambiente,26, °C
04/07/2026 04:45,,heladera BM reactivos,ambiente ,26, °C
04/07/2026 04:39,,heladera BM muestras,ambiente,26, °C
04/07/2026 04:14,,heladera BM muestras,ambiente,26, °C
04/07/2026 04:12,,heladera BM reactivos,ambiente ,26, °C
04/07/2026 04:08,,heladera BM reactivos,Freezer ,-15, °C
04/07/2026 03:58,,heladera BM muestras,ambiente,26, °C
04/07/2026 03:42,,heladera BM muestras,ambiente,26, °C
04/07/2026 03:34,,heladera BM reactivos,ambiente ,26, °C
04/07/2026 03:27,,heladera BM muestras,ambiente,26, °C
04/07/2026 03:06,,heladera BM muestras,ambiente,26, °C
04/07/2026 02:52,,heladera BM muestras,ambiente,26, °C
04/07/2026 02:41,,heladera BM muestras,ambiente,26, °C
04/07/2026 02:26,,heladera BM muestras,ambiente,26, °C
04/07/2026 02:23,,heladera BM reactivos,ambiente ,26, °C
04/07/2026 02:10,,heladera BM muestras,ambiente,26, °C
04/07/2026 01:55,,heladera BM muestras,ambiente,26, °C
04/07/2026 01:51,,heladera BM reactivos,ambiente ,26, °C
04/07/2026 01:39,,heladera BM muestras,ambiente,26, °C
04/07/2026 01:16,,heladera BM reactivos,ambiente ,26, °C
04/07/2026 01:14,,heladera BM muestras,ambiente,26, °C
04/07/2026 01:00,,heladera BM muestras,ambiente,26, °C
04/07/2026 00:41,,heladera BM muestras,ambiente,26, °C
04/07/2026 00:35,,heladera BM reactivos,ambiente ,26, °C
04/07/2026 00:26,,heladera BM muestras,ambiente,26, °C
03/07/2026 23:56,,heladera BM muestras,ambiente,26, °C
03/07/2026 23:41,,heladera BM muestras,ambiente,26, °C
03/07/2026 23:21,,heladera BM muestras,ambiente,26, °C
03/07/2026 23:16,,heladera BM reactivos,ambiente ,26, °C
03/07/2026 23:06,,heladera BM muestras,ambiente,26, °C
03/07/2026 22:32,,heladera BM muestras,ambiente,26, °C
03/07/2026 22:07,,heladera BM muestras,ambiente,26, °C
03/07/2026 21:51,,heladera BM muestras,ambiente,26, °C
03/07/2026 21:23,,heladera BM muestras,ambiente,26, °C
03/07/2026 20:43,,heladera BM muestras,ambiente,26, °C
03/07/2026 20:38,,EL-371 Estufa,temp,10,min.
03/07/2026 20:13,,heladera BM muestras,Freezer ,-15, °C
05/07/2026 07:23,,heladera BM muestras,ambiente,26, °C
05/07/2026 06:05,,heladera BM muestras,ambiente,26, °C
05/07/2026 04:48,,heladera BM muestras,ambiente,26, °C
05/07/2026 03:00,,heladera BM muestras,ambiente,26, °C
06/07/2026 04:26,,heladera BM reactivos,Freezer ,-15, °C
06/07/2026 01:15,,heladera BM reactivos,heladera,10,min.
06/07/2026 01:15,,heladera BM reactivos,Freezer ,10,min.
06/07/2026 01:15,,heladera BM reactivos,ambiente ,10,min.
05/07/2026 21:40,,EL-371 Estufa,temp,10,min.
07/07/2026 05:30,,heladera BM reactivos,ambiente ,26, °C
07/07/2026 05:29,,heladera BM muestras,ambiente,26, °C
07/07/2026 05:14,,heladera BM reactivos,ambiente ,26, °C
07/07/2026 05:14,,heladera BM muestras,ambiente,26, °C
07/07/2026 05:00,,heladera BM muestras,ambiente,26, °C
07/07/2026 04:58,,heladera BM reactivos,ambiente ,26, °C
07/07/2026 04:44,,heladera BM muestras,ambiente,26, °C
07/07/2026 04:43,,heladera BM reactivos,ambiente ,26, °C
07/07/2026 04:29,,heladera BM muestras,ambiente,26, °C
07/07/2026 04:26,,heladera BM reactivos,ambiente ,26, °C
07/07/2026 04:22,,EL-356 Heladera,temp,10,min.
07/07/2026 04:22,,EL-356 Heladera,temp,10,min.
07/07/2026 04:14,,heladera BM muestras,ambiente,26, °C
07/07/2026 04:10,,heladera BM reactivos,ambiente ,26, °C
07/07/2026 03:59,,heladera BM muestras,ambiente,26, °C
07/07/2026 03:54,,heladera BM reactivos,ambiente ,26, °C
07/07/2026 03:44,,heladera BM muestras,ambiente,26, °C
07/07/2026 03:38,,heladera BM reactivos,ambiente ,26, °C
07/07/2026 03:28,,heladera BM muestras,ambiente,26, °C
07/07/2026 03:23,,heladera BM reactivos,ambiente ,26, °C
07/07/2026 03:17,,heladera BM muestras,Freezer ,-15, °C
07/07/2026 03:13,,heladera BM muestras,ambiente,26, °C
07/07/2026 03:07,,heladera BM reactivos,ambiente ,26, °C
07/07/2026 03:02,,heladera BM muestras,Freezer ,-15, °C
07/07/2026 02:58,,heladera BM muestras,ambiente,26, °C
07/07/2026 02:51,,heladera BM reactivos,ambiente ,26, °C
07/07/2026 02:43,,heladera BM muestras,ambiente,26, °C
07/07/2026 02:35,,heladera BM reactivos,ambiente ,26, °C
07/07/2026 02:28,,heladera BM muestras,ambiente,26, °C
07/07/2026 02:20,,heladera BM reactivos,ambiente ,26, °C
07/07/2026 02:13,,heladera BM muestras,ambiente,26, °C
07/07/2026 02:12,,EL-370 Heladera,temp,10,min.
07/07/2026 01:59,,heladera BM muestras,ambiente,26, °C
07/07/2026 01:52,,heladera BM reactivos,ambiente ,26, °C
07/07/2026 01:44,,heladera BM muestras,ambiente,26, °C
07/07/2026 01:10,,heladera BM muestras,ambiente,26, °C
06/07/2026 19:58,,heladera BM reactivos,Freezer ,-15, °C
06/07/2026 18:54,,EL-356 Heladera,temp,8, °C
06/07/2026 18:51,,heladera BM reactivos,Freezer ,-15, °C
08/07/2026 06:23,,heladera BM reactivos,ambiente ,26, °C
08/07/2026 06:20,,heladera BM muestras,ambiente,26, °C
08/07/2026 06:08,,heladera BM reactivos,ambiente ,26, °C
08/07/2026 06:05,,heladera BM muestras,ambiente,26, °C
08/07/2026 05:51,,heladera BM reactivos,ambiente ,26, °C
08/07/2026 05:49,,heladera BM muestras,ambiente,26, °C
08/07/2026 05:35,,heladera BM reactivos,ambiente ,26, °C
08/07/2026 05:34,,heladera BM muestras,ambiente,26, °C
08/07/2026 05:19,,heladera BM muestras,ambiente,26, °C
08/07/2026 05:19,,heladera BM reactivos,ambiente ,26, °C
08/07/2026 05:05,,heladera BM muestras,ambiente,26, °C
08/07/2026 05:03,,heladera BM reactivos,ambiente ,26, °C
08/07/2026 04:50,,heladera BM muestras,ambiente,26, °C
08/07/2026 04:47,,heladera BM reactivos,ambiente ,26, °C
08/07/2026 04:34,,heladera BM muestras,ambiente,26, °C
08/07/2026 04:31,,heladera BM reactivos,ambiente ,26, °C
08/07/2026 04:18,,heladera BM muestras,ambiente,26, °C
08/07/2026 04:15,,heladera BM reactivos,ambiente ,26, °C
08/07/2026 04:03,,heladera BM muestras,ambiente,26, °C
08/07/2026 03:59,,heladera BM reactivos,ambiente ,26, °C
08/07/2026 03:48,,heladera BM muestras,ambiente,26, °C
08/07/2026 03:44,,heladera BM reactivos,ambiente ,26, °C
08/07/2026 03:30,,heladera BM muestras,ambiente,26, °C
08/07/2026 03:26,,heladera BM reactivos,ambiente ,26, °C
08/07/2026 03:16,,heladera BM muestras,ambiente,26, °C
08/07/2026 03:11,,heladera BM reactivos,ambiente ,26, °C
08/07/2026 03:00,,heladera BM muestras,ambiente,26, °C
08/07/2026 02:31,,heladera BM muestras,ambiente,26, °C
08/07/2026 02:27,,Freezer EL-308,temp,10,min.
08/07/2026 02:23,,heladera BM reactivos,ambiente ,26, °C
08/07/2026 02:16,,heladera BM muestras,ambiente,26, °C
08/07/2026 01:48,,heladera BM muestras,ambiente,26, °C
08/07/2026 01:26,,heladera BM reactivos,Freezer ,-15, °C
09/07/2026 06:15,,heladera BM reactivos,Freezer ,-15, °C
09/07/2026 05:06,,heladera BM reactivos,Freezer ,-15, °C
09/07/2026 01:57,,heladera BM muestras,Freezer ,-15, °C
09/07/2026 01:41,,heladera BM muestras,Freezer ,-15, °C
09/07/2026 01:24,,heladera BM muestras,Freezer ,-15, °C
09/07/2026 00:47,,heladera BM muestras,Freezer ,-15, °C
09/07/2026 00:32,,heladera BM muestras,Freezer ,-15, °C
09/07/2026 00:16,,heladera BM muestras,Freezer ,-15, °C
08/07/2026 22:50,,EL-371 Estufa,temp,10,min.
08/07/2026 20:12,,heladera BM muestras,Freezer ,-15, °C
10/07/2026 02:30,,Freezer EL-308,temp,10,min.
09/07/2026 21:25,,heladera BM reactivos,Freezer ,-15, °C
09/07/2026 20:32,,EL-356 Heladera,temp,10,min.
11/07/2026 03:49,,EL-233 Freezer,temp,10,min.
12/07/2026 04:16,,Ambiente Veterinaria ,temp,10,min.
11/07/2026 23:09,,EL-371 Estufa,temp,10,min.
11/07/2026 22:25,,heladera BM muestras,Freezer ,-15, °C
11/07/2026 21:59,,heladera BM reactivos,Freezer ,-15, °C
11/07/2026 21:44,,heladera BM reactivos,Freezer ,-15, °C
11/07/2026 19:19,,EL-356 Heladera,temp,10,min.
13/07/2026 04:47,,EL-233 Freezer,temp,10,min.
12/07/2026 21:31,,heladera BM reactivos,heladera,10,min.
12/07/2026 21:31,,heladera BM reactivos,Freezer ,10,min.
12/07/2026 21:31,,heladera BM reactivos,ambiente ,10,min.
14/07/2026 05:16,,EL-233 Freezer,temp,10,min.
14/07/2026 05:02,,Ambiente Veterinaria ,temp,10,min.
13/07/2026 23:55,,EL-371 Estufa,temp,10,min.
13/07/2026 22:27,,heladera BM muestras,Freezer ,-15, °C
13/07/2026 21:44,,heladera BM reactivos,Freezer ,-15, °C
13/07/2026 18:03,,EL-356 Heladera,temp,10,min.
16/07/2026 03:26,,EL-356 Heladera,temp,10,min.
15/07/2026 22:05,,heladera BM reactivos,Freezer ,-15, °C
17/07/2026 01:24,,EL-371 Estufa,temp,10,min.
16/07/2026 18:17,,EL-233 Freezer,temp,10,min.
18/07/2026 02:21,,EL-356 Heladera,temp,10,min.
17/07/2026 22:25,,heladera BM reactivos,Freezer ,-15, °C
18/07/2026 18:52,,Ambiente Veterinaria ,temp,10,min.
18/07/2026 18:52,,Ambiente Veterinaria ,temp,10,min.
20/07/2026 03:27,,heladera BM reactivos,Freezer ,-15, °C
19/07/2026 22:12,,Ambiente Veterinaria ,temp,10,min.
19/07/2026 22:12,,Ambiente Veterinaria ,temp,10,min.
19/07/2026 22:12,,Ambiente Veterinaria ,temp,10,min.
19/07/2026 22:09,,EL-371 Estufa,temp,10,min.
19/07/2026 22:09,,EL-371 Estufa,temp,10,min.
19/07/2026 21:49,,EL-370 Heladera,temp,10,min.
19/07/2026 21:49,,EL-233 Freezer,temp,10,min.
19/07/2026 21:49,,EL-233 Freezer,temp,10,min.
19/07/2026 21:48,,EL-370 Heladera,temp,10,min.
19/07/2026 19:26,,EL-356 Heladera,temp,10,min.
19/07/2026 18:40,,heladera BM muestras,Freezer ,-15, °C
21/07/2026 03:00,,heladera BM muestras,Freezer ,-15, °C
21/07/2026 01:48,,heladera BM muestras,Freezer ,-15, °C
21/07/2026 01:33,,heladera BM muestras,Freezer ,-15, °C
20/07/2026 20:03,,heladera BM reactivos,Freezer ,-15, °C
20/07/2026 19:47,,heladera BM reactivos,Freezer ,-15, °C
22/07/2026 03:35,,heladera BM reactivos,Freezer ,-15, °C
22/07/2026 03:20,,heladera BM reactivos,Freezer ,-15, °C
21/07/2026 22:29,,Freezer EL-308,temp,10,min.
21/07/2026 19:16,,heladera BM muestras,Freezer ,-15, °C
21/07/2026 18:11,,heladera BM muestras,Freezer ,-15, °C
23/07/2026 03:45,,heladera BM muestras,Freezer ,-15, °C
23/07/2026 03:30,,heladera BM muestras,Freezer ,-15, °C
23/07/2026 03:15,,heladera BM muestras,Freezer ,-15, °C
23/07/2026 02:39,,heladera BM muestras,Freezer ,-15, °C
23/07/2026 02:23,,heladera BM muestras,Freezer ,-15, °C
22/07/2026 23:11,,EL-233 Freezer,temp,10,min.
22/07/2026 23:11,,EL-233 Freezer,temp,10,min.
22/07/2026 23:11,,EL-233 Freezer,temp,10,min.
22/07/2026 23:09,,Ambiente Veterinaria ,temp,10,min.
22/07/2026 23:09,,Ambiente Veterinaria ,temp,10,min.
22/07/2026 22:49,,Freezer EL-308,temp,10,min.
22/07/2026 22:48,,Freezer EL-308,temp,10,min.
22/07/2026 19:40,,heladera BM reactivos,heladera,10,min.
22/07/2026 19:40,,heladera BM reactivos,Freezer ,10,min.
22/07/2026 19:40,,heladera BM reactivos,ambiente ,10,min.
23/07/2026 23:23,,Freezer EL-308,temp,10,min.
23/07/2026 23:23,,Freezer EL-308,temp,10,min.
23/07/2026 19:21,,heladera BM muestras,Freezer ,-15, °C
23/07/2026 19:05,,heladera BM muestras,Freezer ,-15, °C
23/07/2026 18:50,,heladera BM muestras,Freezer ,-15, °C
23/07/2026 18:34,,heladera BM muestras,Freezer ,-15, °C
23/07/2026 18:12,,EL-356 Heladera,temp,10,min.
23/07/2026 18:12,,EL-356 Heladera,temp,10,min.
25/07/2026 00:01,,EL-233 Freezer,temp,10,min.
25/07/2026 00:00,,EL-233 Freezer,temp,10,min.
24/07/2026 23:49,,Freezer EL-308,temp,10,min.
24/07/2026 23:49,,Freezer EL-308,temp,10,min.
24/07/2026 22:33,,Ambiente Veterinaria ,temp,10,min.
24/07/2026 22:33,,Ambiente Veterinaria ,temp,10,min.
26/07/2026 00:32,,EL-233 Freezer,temp,10,min.
26/07/2026 00:32,,EL-233 Freezer,temp,10,min.
25/07/2026 23:23,,EL-370 Heladera,temp,10,min.
25/07/2026 23:23,,EL-370 Heladera,temp,10,min.
25/07/2026 22:55,,EL-371 Estufa,temp,10,min.
25/07/2026 22:55,,EL-371 Estufa,temp,10,min.
25/07/2026 19:22,,heladera BM muestras,ambiente,10,min.
25/07/2026 19:22,,heladera BM muestras,heladera,10,min.
25/07/2026 19:22,,heladera BM muestras,Freezer ,10,min.
25/07/2026 19:22,,heladera BM muestras,ambiente,10,min.
25/07/2026 19:22,,heladera BM muestras,heladera,10,min.
25/07/2026 19:22,,heladera BM muestras,Freezer ,10,min.
27/07/2026 04:05,,heladera BM muestras,ambiente,10,min.
27/07/2026 04:05,,heladera BM muestras,heladera,10,min.
27/07/2026 04:05,,heladera BM muestras,Freezer ,10,min.
27/07/2026 04:05,,heladera BM muestras,ambiente,10,min.
27/07/2026 04:05,,heladera BM muestras,heladera,10,min.
27/07/2026 04:05,,heladera BM muestras,Freezer ,10,min.
26/07/2026 23:59,,Freezer EL-308,temp,10,min.
26/07/2026 23:59,,Freezer EL-308,temp,10,min.
26/07/2026 23:09,,EL-371 Estufa,temp,10,min.
26/07/2026 22:51,,EL-356 Heladera,temp,10,min.
28/07/2026 03:59,,heladera BM reactivos,heladera,10,min.
28/07/2026 03:59,,heladera BM reactivos,Freezer ,10,min.
28/07/2026 03:59,,heladera BM reactivos,ambiente ,10,min.
28/07/2026 03:59,,heladera BM reactivos,heladera,10,min.
28/07/2026 03:59,,heladera BM reactivos,Freezer ,10,min.
28/07/2026 03:59,,heladera BM reactivos,ambiente ,10,min.
27/07/2026 23:34,,EL-371 Estufa,temp,10,min.
27/07/2026 23:34,,EL-371 Estufa,temp,10,min.
29/07/2026 04:34,,heladera BM muestras,Freezer ,-15, °C
29/07/2026 03:22,,heladera BM muestras,Freezer ,-15, °C
29/07/2026 03:07,,heladera BM muestras,Freezer ,-15, °C
29/07/2026 01:21,,EL-233 Freezer,temp,10,min.
29/07/2026 01:21,,EL-233 Freezer,temp,10,min.
28/07/2026 23:53,,heladera BM muestras,ambiente,10,min.
28/07/2026 23:53,,heladera BM muestras,heladera,10,min.
28/07/2026 23:53,,heladera BM muestras,Freezer ,10,min.
28/07/2026 23:53,,heladera BM muestras,ambiente,10,min.
28/07/2026 23:53,,heladera BM muestras,heladera,10,min.
28/07/2026 23:53,,heladera BM muestras,Freezer ,10,min.
28/07/2026 22:56,,heladera BM reactivos,Freezer ,-15, °C
29/07/2026 19:44,,heladera BM muestras,Freezer ,-15, °C
29/07/2026 19:27,,heladera BM muestras,Freezer ,-15, °C
31/07/2026 00:33,,EL-371 Estufa,temp,10,min.
